Workbook

Sheet Equations
A1: LICHTENTHALER & WELBURN (1983) CHLOROPHYLL EQUATIONS
A3: Extraction Method: | B3: 80% Acetone (v/v)
A4: Wavelengths: | B4: A645 nm and A663 nm
A5: Reference: | B5: Lichtenthaler & Welburn (1983). Biochem. Soc. Trans. 11(5), 591-592
A7: EQUATIONS:
A8: Chl a (μg/mL) = 12.21 × A663 - 2.81 × A645
A9: Chl b (μg/mL) = 20.13 × A645 - 5.03 × A663
A10: Total Chl (μg/mL) = 17.76 × A645 + 7.43 × A663
A12: EXAMPLE - T1 L1 N-T
A13: A645 = | B13: 0.407
A14: A663 = | B14: 0.213
A16: Chl a = 12.21 × 0.213 - 2.81 × 0.407 = 2.601 - 1.144 = 1.457 μg/mL
A17: Chl b = 20.13 × 0.407 - 5.03 × 0.213 = 8.193 - 1.071 = 7.122 μg/mL
A18: Total = 17.76 × 0.407 + 7.43 × 0.213 = 7.232 + 1.582 = 8.814 μg/mL

Sheet Raw Data
A1: RAW SPECTROPHOTOMETER READINGS - 80% ACETONE EXTRACTS (sorted by tree)
A2: Sample | B2: Tree | C2: A645 (nm) | D2: A663 (nm)
A3: T1 L1 E-B | B3: T1 | C3: 0.476 | D3: 0.184
A4: T1 L1 E-T | B4: T1 | C4: 0.389 | D4: 0.154
A5: T1 L1 N-B | B5: T1 | C5: 0.337 | D5: 0.155
A6: T1 L1 N-T | B6: T1 | C6: 0.407 | D6: 0.213
A7: T1 L1 S-B | B7: T1 | C7: 0.318 | D7: 0.131
A8: T1 L1 S-T | B8: T1 | C8: 0.413 | D8: 0.167
A9: T1 L1 W-B | B9: T1 | C9: 0.411 | D9: 0.158
A10: T1 L1 W-T | B10: T1 | C10: 0.273 | D10: 0.107
A11: T1 L2 E-B | B11: T1 | C11: 0.458 | D11: 0.185
A12: T1 L2 E-T | B12: T1 | C12: 0.418 | D12: 0.164
A13: T1 L2 N-B | B13: T1 | C13: 0.452 | D13: 0.191
A14: T1 L2 N-T | B14: T1 | C14: 0.367 | D14: 0.143
... A170: T7 L3 W-T | B170: T7 | C170: 0.585 | D170: 0.242

Sheet Calculations
A1: CHLOROPHYLL CALCULATIONS - FORMULAS REFERENCE 'Raw Data' SHEET
A2: Click any colored cell to see the formula in the formula bar
A3: Sample | B3: Tree | C3: A645 | D3: A663 | E3: Chl a (μg/mL) | F3: Chl b (μg/mL) | G3: Total Chl (μg/mL)
A4: ='Raw Data'!A3 | B4: ='Raw Data'!B3 | C4: ='Raw Data'!C3 | D4: ='Raw Data'!D3 | E4: =12.21*'Raw Data'!D3-2.81*'Raw Data'!C3 | F4: =20.13*'Raw Data'!C3-5.03*'Raw Data'!D3 | G4: =17.76*'Raw Data'!C3+7.43*'Raw Data'!D3
A5: ='Raw Data'!A4 | B5: ='Raw Data'!B4 | C5: ='Raw Data'!C4 | D5: ='Raw Data'!D4 | E5: =12.21*'Raw Data'!D4-2.81*'Raw Data'!C4 | F5: =20.13*'Raw Data'!C4-5.03*'Raw Data'!D4 | G5: =17.76*'Raw Data'!C4+7.43*'Raw Data'!D4
A6: ='Raw Data'!A5 | B6: ='Raw Data'!B5 | C6: ='Raw Data'!C5 | D6: ='Raw Data'!D5 | E6: =12.21*'Raw Data'!D5-2.81*'Raw Data'!C5 | F6: =20.13*'Raw Data'!C5-5.03*'Raw Data'!D5 | G6: =17.76*'Raw Data'!C5+7.43*'Raw Data'!D5
A7: ='Raw Data'!A6 | B7: ='Raw Data'!B6 | C7: ='Raw Data'!C6 | D7: ='Raw Data'!D6 | E7: =12.21*'Raw Data'!D6-2.81*'Raw Data'!C6 | F7: =20.13*'Raw Data'!C6-5.03*'Raw Data'!D6 | G7: =17.76*'Raw Data'!C6+7.43*'Raw Data'!D6
A8: ='Raw Data'!A7 | B8: ='Raw Data'!B7 | C8: ='Raw Data'!C7 | D8: ='Raw Data'!D7 | E8: =12.21*'Raw Data'!D7-2.81*'Raw Data'!C7 | F8: =20.13*'Raw Data'!C7-5.03*'Raw Data'!D7 | G8: =17.76*'Raw Data'!C7+7.43*'Raw Data'!D7
A9: ='Raw Data'!A8 | B9: ='Raw Data'!B8 | C9: ='Raw Data'!C8 | D9: ='Raw Data'!D8 | E9: =12.21*'Raw Data'!D8-2.81*'Raw Data'!C8 | F9: =20.13*'Raw Data'!C8-5.03*'Raw Data'!D8 | G9: =17.76*'Raw Data'!C8+7.43*'Raw Data'!D8
A10: ='Raw Data'!A9 | B10: ='Raw Data'!B9 | C10: ='Raw Data'!C9 | D10: ='Raw Data'!D9 | E10: =12.21*'Raw Data'!D9-2.81*'Raw Data'!C9 | F10: =20.13*'Raw Data'!C9-5.03*'Raw Data'!D9 | G10: =17.76*'Raw Data'!C9+7.43*'Raw Data'!D9
A11: ='Raw Data'!A10 | B11: ='Raw Data'!B10 | C11: ='Raw Data'!C10 | D11: ='Raw Data'!D10 | E11: =12.21*'Raw Data'!D10-2.81*'Raw Data'!C10 | F11: =20.13*'Raw Data'!C10-5.03*'Raw Data'!D10 | G11: =17.76*'Raw Data'!C10+7.43*'Raw Data'!D10
A12: ='Raw Data'!A11 | B12: ='Raw Data'!B11 | C12: ='Raw Data'!C11 | D12: ='Raw Data'!D11 | E12: =12.21*'Raw Data'!D11-2.81*'Raw Data'!C11 | F12: =20.13*'Raw Data'!C11-5.03*'Raw Data'!D11 | G12: =17.76*'Raw Data'!C11+7.43*'Raw Data'!D11
A13: ='Raw Data'!A12 | B13: ='Raw Data'!B12 | C13: ='Raw Data'!C12 | D13: ='Raw Data'!D12 | E13: =12.21*'Raw Data'!D12-2.81*'Raw Data'!C12 | F13: =20.13*'Raw Data'!C12-5.03*'Raw Data'!D12 | G13: =17.76*'Raw Data'!C12+7.43*'Raw Data'!D12
A14: ='Raw Data'!A13 | B14: ='Raw Data'!B13 | C14: ='Raw Data'!C13 | D14: ='Raw Data'!D13 | E14: =12.21*'Raw Data'!D13-2.81*'Raw Data'!C13 | F14: =20.13*'Raw Data'!C13-5.03*'Raw Data'!D13 | G14: =17.76*'Raw Data'!C13+7.43*'Raw Data'!D13
A15: ='Raw Data'!A14 | B15: ='Raw Data'!B14 | C15: ='Raw Data'!C14 | D15: ='Raw Data'!D14 | E15: =12.21*'Raw Data'!D14-2.81*'Raw Data'!C14 | F15: =20.13*'Raw Data'!C14-5.03*'Raw Data'!D14 | G15: =17.76*'Raw Data'!C14+7.43*'Raw Data'!D14
... A171: ='Raw Data'!A170 | B171: ='Raw Data'!B170 | C171: ='Raw Data'!C170 | D171: ='Raw Data'!D170 | E171: =12.21*'Raw Data'!D170-2.81*'Raw Data'!C170 | F171: =20.13*'Raw Data'!C170-5.03*'Raw Data'!D170 | G171: =17.76*'Raw Data'!C170+7.43*'Raw Data'!D170

Sheet Summary by Treatment
A1: SUMMARY STATISTICS BY TREATMENT
A2: All cells contain Excel formulas. Click any cell to view the formula in the formula bar.
A3: Treatment | B3: N | C3: Mean Chl a | D3: SD Chl a | E3: Mean Chl b | F3: SD Chl b | G3: Mean Total | H3: SD Total | I3: Min Total | J3: Max Total
A4: Bokashi Treated | B4: =COUNTA(Calculations!A4:A75) | C4: =AVERAGE(Calculations!E4:E75) | D4: =STDEV(Calculations!E4:E75) | E4: =AVERAGE(Calculations!F4:F75) | F4: =STDEV(Calculations!F4:F75) | G4: =AVERAGE(Calculations!G4:G75) | H4: =STDEV(Calculations!G4:G75) | I4: =MIN(Calculations!G4:G75) | J4: =MAX(Calculations!G4:G75)
A5: Untreated (Unhealthy) | B5: =COUNTA(Calculations!A76:A147) | C5: =AVERAGE(Calculations!E76:E147) | D5: =STDEV(Calculations!E76:E147) | E5: =AVERAGE(Calculations!F76:F147) | F5: =STDEV(Calculations!F76:F147) | G5: =AVERAGE(Calculations!G76:G147) | H5: =STDEV(Calculations!G76:G147) | I5: =MIN(Calculations!G76:G147) | J5: =MAX(Calculations!G76:G147)
A6: Healthy Reference | B6: =COUNTA(Calculations!A148:A171) | C6: =AVERAGE(Calculations!E148:E171) | D6: =STDEV(Calculations!E148:E171) | E6: =AVERAGE(Calculations!F148:F171) | F6: =STDEV(Calculations!F148:F171) | G6: =AVERAGE(Calculations!G148:G171) | H6: =STDEV(Calculations!G148:G171) | I6: =MIN(Calculations!G148:G171) | J6: =MAX(Calculations!G148:G171)
A9: FORMULAS USED (Bokashi Treated example):
A10: Statistic | B10: Excel Formula | C10: Description
A11: N (Count) | B11: =COUNTA(Calculations!A4:A75) | C11: Count of samples
A12: Mean Chl a | B12: =AVERAGE(Calculations!E4:E75) | C12: Average of Chl a values
A13: SD Chl a | B13: =STDEV(Calculations!E4:E75) | C13: Standard deviation of Chl a
A14: Mean Chl b | B14: =AVERAGE(Calculations!F4:F75) | C14: Average of Chl b values
A15: SD Chl b | B15: =STDEV(Calculations!F4:F75) | C15: Standard deviation of Chl b
A16: Mean Total | B16: =AVERAGE(Calculations!G4:G75) | C16: Average of Total Chl
A17: SD Total | B17: =STDEV(Calculations!G4:G75) | C17: Standard deviation of Total
A18: Min Total | B18: =MIN(Calculations!G4:G75) | C18: Lowest Total value
A19: Max Total | B19: =MAX(Calculations!G4:G75) | C19: Highest Total value

Sheet Summary by Tree
A1: SUMMARY STATISTICS BY INDIVIDUAL TREE
A2: All cells contain Excel formulas. Click any cell to view the formula in the formula bar.
A3: Tree | B3: Treatment | C3: N | D3: Mean Chl a | E3: SD Chl a | F3: Mean Chl b | G3: SD Chl b | H3: Mean Total | I3: SD Total
A4: T1 | B4: Bokashi Treated | C4: =COUNTA(Calculations!A4:A27) | D4: =AVERAGE(Calculations!E4:E27) | E4: =STDEV(Calculations!E4:E27) | F4: =AVERAGE(Calculations!F4:F27) | G4: =STDEV(Calculations!F4:F27) | H4: =AVERAGE(Calculations!G4:G27) | I4: =STDEV(Calculations!G4:G27)
A5: T2 | B5: Bokashi Treated | C5: =COUNTA(Calculations!A28:A51) | D5: =AVERAGE(Calculations!E28:E51) | E5: =STDEV(Calculations!E28:E51) | F5: =AVERAGE(Calculations!F28:F51) | G5: =STDEV(Calculations!F28:F51) | H5: =AVERAGE(Calculations!G28:G51) | I5: =STDEV(Calculations!G28:G51)
A6: T3 | B6: Bokashi Treated | C6: =COUNTA(Calculations!A52:A75) | D6: =AVERAGE(Calculations!E52:E75) | E6: =STDEV(Calculations!E52:E75) | F6: =AVERAGE(Calculations!F52:F75) | G6: =STDEV(Calculations!F52:F75) | H6: =AVERAGE(Calculations!G52:G75) | I6: =STDEV(Calculations!G52:G75)
A7: T4 | B7: Untreated (Unhealthy) | C7: =COUNTA(Calculations!A76:A99) | D7: =AVERAGE(Calculations!E76:E99) | E7: =STDEV(Calculations!E76:E99) | F7: =AVERAGE(Calculations!F76:F99) | G7: =STDEV(Calculations!F76:F99) | H7: =AVERAGE(Calculations!G76:G99) | I7: =STDEV(Calculations!G76:G99)
A8: T5 | B8: Untreated (Unhealthy) | C8: =COUNTA(Calculations!A100:A123) | D8: =AVERAGE(Calculations!E100:E123) | E8: =STDEV(Calculations!E100:E123) | F8: =AVERAGE(Calculations!F100:F123) | G8: =STDEV(Calculations!F100:F123) | H8: =AVERAGE(Calculations!G100:G123) | I8: =STDEV(Calculations!G100:G123)
A9: T6 | B9: Untreated (Unhealthy) | C9: =COUNTA(Calculations!A124:A147) | D9: =AVERAGE(Calculations!E124:E147) | E9: =STDEV(Calculations!E124:E147) | F9: =AVERAGE(Calculations!F124:F147) | G9: =STDEV(Calculations!F124:F147) | H9: =AVERAGE(Calculations!G124:G147) | I9: =STDEV(Calculations!G124:G147)
A10: T7 | B10: Healthy Reference | C10: =COUNTA(Calculations!A148:A171) | D10: =AVERAGE(Calculations!E148:E171) | E10: =STDEV(Calculations!E148:E171) | F10: =AVERAGE(Calculations!F148:F171) | G10: =STDEV(Calculations!F148:F171) | H10: =AVERAGE(Calculations!G148:G171) | I10: =STDEV(Calculations!G148:G171)
A13: FORMULAS USED (T1 example, rows 4-27):
A14: Statistic | B14: Excel Formula (T1)
A15: N (Count) | B15: =COUNTA(Calculations!A4:A27)
A16: Mean Chl a | B16: =AVERAGE(Calculations!E4:E27)
A17: SD Chl a | B17: =STDEV(Calculations!E4:E27)
A18: Mean Chl b | B18: =AVERAGE(Calculations!F4:F27)
A19: SD Chl b | B19: =STDEV(Calculations!F4:F27)
A20: Mean Total | B20: =AVERAGE(Calculations!G4:G27)
A21: SD Total | B21: =STDEV(Calculations!G4:G27)

Sheet Graph Descriptions
A1: RESULTS: DESCRIPTIONS OF ALL 8 GRAPHS
A3: PLOT 1: VIOLIN PLOT — RECOMMENDED FOR PRESENTATIONS
A4: WHAT IT SHOWS: Distribution of total chlorophyll for each treatment using violin plots. Width = data density at that concentration. Each dot = one of 168 leaf measurements. Inner box shows median and quartiles. KEY FINDINGS: • Healthy Reference (T7): 13.66 ± 2.12 μg/mL — highest, tightest distribution • Bokashi Treated (T1-T3): 10.61 ± 2.37 μg/mL — intermediate • Untreated Unhealthy (T4-T6): 9.80 ± 2.73 μg/mL — lowest • Healthy trees have 39.4% MORE chlorophyll than untreated • Bokashi adds 8.3% over untreated WHY USE: Shows full distribution AND every individual data point. Most transparent way to present 168 measurements.
A6: PLOT 2: BOX PLOT BY INDIVIDUAL TREE
A7: WHAT IT SHOWS: Box plot per tree, colored by treatment. Each box: median line, IQR (25th-75th percentile), whiskers to min/max. KEY FINDINGS (mean Total Chl): • T7 Healthy: 13.66 μg/mL (highest) • T2 Bokashi: 12.35 — strong Bokashi response • T4 Untreated: 11.80 • T3 Bokashi: 10.62 • T6 Untreated: 9.21 • T1 Bokashi: 8.85 — weak Bokashi response • T5 Untreated: 8.37 (lowest) WHY USE: Reveals individual tree variation. Same treatment ≠ same response (T1 vs T2 both Bokashi but very different).
A9: PLOT 3: BAR CHART WITH ERROR BARS — SIMPLEST
A10: WHAT IT SHOWS: Bar heights = means; error bars = ±1 SD. Simplest summary of treatment effect. KEY FINDINGS: • Bokashi: 10.61 ± 2.37 (n=72) • Untreated: 9.80 ± 2.73 (n=72) • Healthy: 13.66 ± 2.12 (n=24) COMPARISONS: • Healthy vs Untreated: +39.4% • Bokashi vs Untreated: +8.3% • Healthy vs Bokashi: +28.9% WHY USE: Cleanest possible summary. Perfect for reports/presentations where simplicity matters.
A12: PLOT 4: SCATTER — CHL A vs CHL B
A13: WHAT IT SHOWS: Each leaf plotted as Chl a (x) vs Chl b (y), colored by treatment. Reveals relationships between pigments. KEY FINDINGS: • Positive correlation: high Chl a ↔ high Chl b • Healthy points cluster upper-right (high both) • Untreated cluster lower-left (low both) • Bokashi in middle • a/b ratios stay similar (~0.14) across treatments WHY USE: Shows treatment effect is on TOTAL photosynthetic capacity, not selective pigment rebalancing. Healthy = more of everything.
A15: PLOT 5: STACKED BAR — COMPOSITION
A16: WHAT IT SHOWS: Stacked bars per tree: Chl a (orange) + Chl b (purple). Bar height = total. KEY FINDINGS: • T7 Healthy: 1.73 a + 11.58 b = 13.31 total • T2 Bokashi: 1.62 a + 10.41 b = 12.03 total • T4 Untreated: 1.35 a + 10.14 b = 11.49 total • Chl b dominates (80-87%) in all trees • Pigment ratio maintained across treatments WHY USE: Shows both absolute amounts AND compositional balance. Visual confirmation that treatments don't disturb pigment ratios.
A18: PLOT 6: FACETED COMPARISON
... A25: WHAT IT SHOWS: Combines four best plots: A: Violin (distributions) B: Bar (means with error bars) C: Scatter (pigment relationships) D: Box plots (individual trees) WHY USE: Single publication-ready figure. Tells complete story in one image. Ready for journals/theses/final reports. SUGGESTED CAPTION: "Total chlorophyll in Quercus robur leaves by treatment group. (A) Distribution of all 168 measurements. (B) Means ± SD. (C) Chl a vs Chl b relationship. (D) Individual tree variation. Lichtenthaler & Welburn (1983) equations used for 80% acetone extracts.
